"Topic","CollectionNumber","Year","Paper","OriginalQuestion","Occurrence","Type","SecondaryTopics","Reason","Id"
"平面解析几何","1","2016","全国III卷-理科","11","1","single_choice","","椭圆离心率求解，核心是解析几何。","2016-全国III卷-理科::11::occ1"
"平面解析几何","2","2016","全国III卷-理科","16","1","fill_blank","","直线与圆相交，求弦长及距离，核心是解析几何。","2016-全国III卷-理科::16::occ1"
"平面解析几何","3","2016","全国III卷-理科","20","1","solution","","抛物线中的几何证明与轨迹方程，核心是解析几何。","2016-全国III卷-理科::20::occ1"
"平面解析几何","4","2016","全国III卷-理科","22","1","solution","","几何证明选讲，圆中角与垂直证明，核心是平面几何，归为解析几何中的几何证明选讲。","2016-全国III卷-理科::22::occ1"
"平面解析几何","5","2016","全国III卷-理科","23","1","solution","","参数方程与极坐标方程互化及距离最值，核心是解析几何。","2016-全国III卷-理科::23::occ1"
"平面解析几何","6","2016","全国III卷-文科","12","1","single_choice","","椭圆离心率求解，核心是解析几何。","2016-全国III卷-文科::12::occ1"
"平面解析几何","7","2016","全国III卷-文科","15","1","fill_blank","","直线与圆相交，求弦长及距离，核心是解析几何。","2016-全国III卷-文科::15::occ1"
"平面解析几何","8","2016","全国III卷-文科","20","1","solution","","抛物线中的几何证明与轨迹方程，核心是解析几何。","2016-全国III卷-文科::20::occ1"
"平面解析几何","9","2016","全国III卷-文科","22","1","solution","","几何证明选讲，圆中角与垂直证明，核心是平面几何，归为解析几何中的几何证明选讲。","2016-全国III卷-文科::22::occ1"
"平面解析几何","10","2016","全国III卷-文科","23","1","solution","","参数方程与极坐标方程互化及距离最值，核心是解析几何。","2016-全国III卷-文科::23::occ1"
"平面解析几何","11","2016","全国II卷-理科","4","1","single_choice","","求圆心到直线的距离，核心是解析几何中的圆与直线。","2016-全国II卷-理科::4::occ1"
"平面解析几何","12","2016","全国II卷-理科","11","1","single_choice","","双曲线离心率求解，核心是解析几何。","2016-全国II卷-理科::11::occ1"
"平面解析几何","13","2016","全国II卷-理科","20","1","solution","","椭圆中三角形面积及参数范围，核心是解析几何。","2016-全国II卷-理科::20::occ1"
"平面解析几何","14","2016","全国II卷-理科","22","1","solution","","几何证明选讲，四点共圆及面积，核心是平面几何，归为解析几何中的几何证明选讲。","2016-全国II卷-理科::22::occ1"
"平面解析几何","15","2016","全国II卷-理科","23","1","solution","","极坐标与参数方程，求直线斜率，核心是解析几何。","2016-全国II卷-理科::23::occ1"
"平面解析几何","16","2016","全国II卷-文科","5","1","single_choice","","抛物线与反比例函数交点，核心是解析几何。","2016-全国II卷-文科::5::occ1"
"平面解析几何","17","2016","全国II卷-文科","6","1","single_choice","","求圆心到直线的距离，核心是解析几何中的圆与直线。","2016-全国II卷-文科::6::occ1"
"平面解析几何","18","2016","全国II卷-文科","21","1","solution","","椭圆与直线相交，求面积和证明斜率范围，核心是解析几何。","2016-全国II卷-文科::21::occ1"
"平面解析几何","19","2016","全国II卷-文科","22","1","solution","","几何证明选讲中的平面几何，四点共圆及面积，核心是平面几何。","2016-全国II卷-文科::22::occ1"
"平面解析几何","20","2016","全国II卷-文科","23","1","solution","","极坐标与参数方程，直线与圆相交求斜率，核心是解析几何。","2016-全国II卷-文科::23::occ1"
"平面解析几何","21","2016","全国I卷-理科","5","1","single_choice","","双曲线方程及焦点距离，核心是解析几何。","2016-全国I卷-理科::5::occ1"
"平面解析几何","22","2016","全国I卷-理科","10","1","single_choice","","抛物线与圆相交，求焦点到准线距离，核心是解析几何。","2016-全国I卷-理科::10::occ1"
"平面解析几何","23","2016","全国I卷-理科","20","1","solution","","圆与椭圆综合，求轨迹方程和面积范围，核心是解析几何。","2016-全国I卷-理科::20::occ1"
"平面解析几何","24","2016","全国I卷-理科","22","1","solution","","几何证明选讲中的平面几何，核心是平面几何。","2016-全国I卷-理科::22::occ1"
"平面解析几何","25","2016","全国I卷-理科","23","1","solution","","参数方程与极坐标方程互化及综合，核心是解析几何。","2016-全国I卷-理科::23::occ1"
"平面解析几何","26","2016","全国I卷-文科","5","1","single_choice","","椭圆离心率计算，核心是解析几何。","2016-全国I卷-文科::5::occ1"
"平面解析几何","27","2016","全国I卷-文科","15","1","fill_blank","","直线与圆相交求弦长，进而求圆面积，核心是解析几何。","2016-全国I卷-文科::15::occ1"
"平面解析几何","28","2016","全国I卷-文科","20","1","solution","","涉及抛物线与直线的位置关系、对称点、长度比等，核心是解析几何。","2016-全国I卷-文科::20::occ1"
"平面解析几何","29","2016","全国I卷-文科","22","1","solution","","几何证明选讲中的平面几何，核心是平面几何。","2016-全国I卷-文科::22::occ1"
"平面解析几何","30","2016","全国I卷-文科","23","1","solution","","参数方程与极坐标方程互化及综合，核心是解析几何。","2016-全国I卷-文科::23::occ1"
"平面解析几何","31","2017","全国III卷-理科","5","1","single_choice","","双曲线方程求解，核心是解析几何。","2017-全国III卷-理科::5::occ1"
"平面解析几何","32","2017","全国III卷-理科","10","1","single_choice","","椭圆离心率计算，核心是解析几何。","2017-全国III卷-理科::10::occ1"
"平面解析几何","33","2017","全国III卷-理科","20","1","solution","","核心是抛物线综合问题，涉及圆，属于解析几何。","2017-全国III卷-理科::20::occ1"
"平面解析几何","34","2017","全国III卷-理科","22","1","solution","","核心是参数方程与极坐标下的轨迹及交点问题，属于解析几何。","2017-全国III卷-理科::22::occ1"
"平面解析几何","35","2017","全国III卷-文科","11","1","single_choice","","核心是椭圆离心率，涉及直线与圆相切，属于解析几何。","2017-全国III卷-文科::11::occ1"
"平面解析几何","36","2017","全国III卷-文科","14","1","fill_blank","","核心是双曲线渐近线方程，属于圆锥曲线基础问题。","2017-全国III卷-文科::14::occ1"
"平面解析几何","37","2017","全国III卷-文科","20","1","solution","","核心是二次曲线与圆的性质，涉及垂直和定值问题，属于解析几何。","2017-全国III卷-文科::20::occ1"
"平面解析几何","38","2017","全国III卷-文科","22","1","solution","","核心是参数方程与极坐标下的轨迹及交点，属于解析几何。","2017-全国III卷-文科::22::occ1"
"平面解析几何","39","2017","全国II卷-理科","9","1","single_choice","","核心是双曲线离心率，涉及渐近线与圆，属于解析几何。","2017-全国II卷-理科::9::occ1"
"平面解析几何","40","2017","全国II卷-理科","16","1","fill_blank","","核心是抛物线焦点弦长度计算，属于圆锥曲线。","2017-全国II卷-理科::16::occ1"
"平面解析几何","41","2017","全国II卷-理科","20","1","solution","","核心是椭圆与轨迹方程，涉及向量运算，但主类为解析几何。","2017-全国II卷-理科::20::occ1"
"平面解析几何","42","2017","全国II卷-理科","22","1","solution","","核心是极坐标与参数方程下的轨迹及面积最值，属于解析几何。","2017-全国II卷-理科::22::occ1"
"平面解析几何","43","2017","全国II卷-文科","5","1","single_choice","","核心是双曲线离心率取值范围，属于圆锥曲线性质。","2017-全国II卷-文科::5::occ1"
"平面解析几何","44","2017","全国II卷-文科","12","1","single_choice","","核心是抛物线焦点弦及距离计算，属于圆锥曲线。","2017-全国II卷-文科::12::occ1"
"平面解析几何","45","2017","全国II卷-文科","20","1","solution","","核心是椭圆与轨迹方程，属于解析几何。","2017-全国II卷-文科::20::occ1"
"平面解析几何","46","2017","全国II卷-文科","22","1","solution","","核心是极坐标与参数方程下的轨迹及面积最值，属于解析几何。","2017-全国II卷-文科::22::occ1"
"平面解析几何","47","2017","全国I卷-理科","10","1","single_choice","","抛物线焦点弦长度最值，属于解析几何。","2017-全国I卷-理科::10::occ1"
"平面解析几何","48","2017","全国I卷-理科","15","1","fill_blank","","双曲线离心率，核心是解析几何。","2017-全国I卷-理科::15::occ1"
"平面解析几何","49","2017","全国I卷-理科","20","1","solution","","椭圆方程及直线过定点问题，核心是解析几何。","2017-全国I卷-理科::20::occ1"
"平面解析几何","50","2017","全国I卷-理科","22","1","solution","","参数方程与极坐标，属于解析几何。","2017-全国I卷-理科::22::occ1"
"平面解析几何","51","2017","全国I卷-文科","5","1","single_choice","","双曲线中三角形面积，属于解析几何。","2017-全国I卷-文科::5::occ1"
"平面解析几何","52","2017","全国I卷-文科","12","1","single_choice","","椭圆上点满足角度条件求参数范围，属于解析几何。","2017-全国I卷-文科::12::occ1"
"平面解析几何","53","2017","全国I卷-文科","20","1","solution","","涉及抛物线、切线、直线方程，核心是解析几何。","2017-全国I卷-文科::20::occ1"
"平面解析几何","54","2017","全国I卷-文科","22","1","solution","","参数方程与极坐标，属于解析几何。","2017-全国I卷-文科::22::occ1"
"平面解析几何","55","2018","全国III卷-理科","6","1","single_choice","","直线与圆的位置关系求面积范围，核心是解析几何。","2018-全国III卷-理科::6::occ1"
"平面解析几何","56","2018","全国III卷-理科","11","1","single_choice","","双曲线离心率，核心是解析几何。","2018-全国III卷-理科::11::occ1"
"平面解析几何","57","2018","全国III卷-理科","16","1","fill_blank","","抛物线中垂直条件求斜率，属于解析几何。","2018-全国III卷-理科::16::occ1"
"平面解析几何","58","2018","全国III卷-理科","20","1","solution","数列","椭圆与直线综合，涉及等差数列，核心是解析几何。","2018-全国III卷-理科::20::occ1"
"平面解析几何","59","2018","全国III卷-理科","22","1","solution","","参数方程与极坐标，属于解析几何。","2018-全国III卷-理科::22::occ1"
"平面解析几何","60","2018","全国III卷-文科","8","1","single_choice","","直线与圆位置关系求面积范围，属于解析几何。","2018-全国III卷-文科::8::occ1"
"平面解析几何","61","2018","全国III卷-文科","10","1","single_choice","","双曲线渐近线距离，属于解析几何。","2018-全国III卷-文科::10::occ1"
"平面解析几何","62","2018","全国III卷-文科","20","1","solution","","核心是椭圆中点弦问题及向量证明。","2018-全国III卷-文科::20::occ1"
"平面解析几何","63","2018","全国III卷-文科","22","1","solution","","核心是参数方程与极坐标，直线与圆相交中点轨迹。","2018-全国III卷-文科::22::occ1"
"平面解析几何","64","2018","全国II卷-理科","5","1","single_choice","","核心是双曲线离心率与渐近线方程。","2018-全国II卷-理科::5::occ1"
"平面解析几何","65","2018","全国II卷-理科","12","1","single_choice","","核心是椭圆离心率，利用几何条件列方程。","2018-全国II卷-理科::12::occ1"
"平面解析几何","66","2018","全国II卷-理科","19","1","solution","","核心是抛物线弦长及圆的方程。","2018-全国II卷-理科::19::occ1"
"平面解析几何","67","2018","全国II卷-理科","22","1","solution","","核心是参数方程与直角坐标方程互化，直线与椭圆相交中点问题。","2018-全国II卷-理科::22::occ1"
"平面解析几何","68","2018","全国II卷-文科","6","1","single_choice","","核心是双曲线的离心率与渐近线方程。","2018-全国II卷-文科::6::occ1"
"平面解析几何","69","2018","全国II卷-文科","11","1","single_choice","","核心是椭圆离心率，利用几何条件。","2018-全国II卷-文科::11::occ1"
"平面解析几何","70","2018","全国II卷-文科","20","1","solution","","核心是抛物线弦长及圆的方程。","2018-全国II卷-文科::20::occ1"
"平面解析几何","71","2018","全国II卷-文科","22","1","solution","","核心是参数方程与直角坐标方程互化，直线与椭圆相交中点问题。","2018-全国II卷-文科::22::occ1"
"平面解析几何","72","2018","全国I卷-理科","8","1","single_choice","","核心是抛物线焦点弦与向量数量积。","2018-全国I卷-理科::8::occ1"
"平面解析几何","73","2018","全国I卷-理科","11","1","single_choice","","核心是双曲线渐近线与直角三角形求弦长。","2018-全国I卷-理科::11::occ1"
"平面解析几何","74","2018","全国I卷-理科","19","1","solution","","核心是椭圆与直线相交，证明角相等。","2018-全国I卷-理科::19::occ1"
"平面解析几何","75","2018","全国I卷-理科","22","1","solution","","核心是极坐标与直角坐标互化，直线与圆交点个数。","2018-全国I卷-理科::22::occ1"
"平面解析几何","76","2018","全国I卷-文科","4","1","single_choice","","椭圆离心率计算，属于解析几何。","2018-全国I卷-文科::4::occ1"
"平面解析几何","77","2018","全国I卷-文科","15","1","fill_blank","","直线与圆相交弦长，属于解析几何。","2018-全国I卷-文科::15::occ1"
"平面解析几何","78","2018","全国I卷-文科","20","1","solution","","核心是抛物线及其几何性质，属于解析几何。","2018-全国I卷-文科::20::occ1"
"平面解析几何","79","2018","全国I卷-文科","22","1","solution","","极坐标与参数方程，属于解析几何。","2018-全国I卷-文科::22::occ1"
"平面解析几何","80","2019","全国III卷-理科","10","1","single_choice","","双曲线渐近线与三角形面积，属于解析几何。","2019-全国III卷-理科::10::occ1"
"平面解析几何","81","2019","全国III卷-理科","15","1","fill_blank","","椭圆上点的坐标，属于解析几何。","2019-全国III卷-理科::15::occ1"
"平面解析几何","82","2019","全国III卷-理科","21","1","solution","","抛物线切线、定点与面积，属于解析几何。","2019-全国III卷-理科::21::occ1"
"平面解析几何","83","2019","全国III卷-理科","22","1","solution","","极坐标方程与曲线，属于解析几何。","2019-全国III卷-理科::22::occ1"
"平面解析几何","84","2019","全国III卷-文科","10","1","single_choice","","双曲线焦点三角形面积，属于解析几何。","2019-全国III卷-文科::10::occ1"
"平面解析几何","85","2019","全国III卷-文科","15","1","fill_blank","","椭圆上点的坐标，属于解析几何。","2019-全国III卷-文科::15::occ1"
"平面解析几何","86","2019","全国III卷-文科","21","1","solution","","抛物线切线问题与圆，属于解析几何。","2019-全国III卷-文科::21::occ1"
"平面解析几何","87","2019","全国III卷-文科","22","1","solution","","极坐标方程与曲线，属于解析几何。","2019-全国III卷-文科::22::occ1"
"平面解析几何","88","2019","全国II卷-理科","8","1","single_choice","","抛物线与椭圆焦点，属于解析几何。","2019-全国II卷-理科::8::occ1"
"平面解析几何","89","2019","全国II卷-理科","11","1","single_choice","","双曲线离心率，属于解析几何。","2019-全国II卷-理科::11::occ1"
"平面解析几何","90","2019","全国II卷-理科","21","1","solution","","轨迹方程、直线与椭圆综合，核心是解析几何。","2019-全国II卷-理科::21::occ1"
"平面解析几何","91","2019","全国II卷-理科","22","1","solution","","极坐标方程与轨迹，属于解析几何。","2019-全国II卷-理科::22::occ1"
"平面解析几何","92","2019","全国II卷-文科","9","1","single_choice","","抛物线与椭圆焦点关系求参数，核心是解析几何。","2019-全国II卷-文科::9::occ1"
"平面解析几何","93","2019","全国II卷-文科","12","1","single_choice","","双曲线离心率问题，核心是解析几何。","2019-全国II卷-文科::12::occ1"
"平面解析几何","94","2019","全国II卷-文科","20","1","solution","","椭圆离心率及参数范围，核心是解析几何。","2019-全国II卷-文科::20::occ1"
"平面解析几何","95","2019","全国II卷-文科","22","1","solution","","极坐标与参数方程属于解析几何范畴，主要涉及曲线方程和轨迹。","2019-全国II卷-文科::22::occ1"
"平面解析几何","96","2019","全国I卷-理科","10","1","single_choice","","椭圆方程，核心是解析几何。","2019-全国I卷-理科::10::occ1"
"平面解析几何","97","2019","全国I卷-理科","16","1","fill_blank","","双曲线离心率，核心是解析几何。","2019-全国I卷-理科::16::occ1"
"平面解析几何","98","2019","全国I卷-理科","19","1","solution","","抛物线方程、弦长计算，核心是解析几何。","2019-全国I卷-理科::19::occ1"
"平面解析几何","99","2019","全国I卷-理科","22","1","solution","","参数方程与极坐标方程互化及距离最值，属于解析几何。","2019-全国I卷-理科::22::occ1"
"平面解析几何","100","2019","全国I卷-文科","10","1","single_choice","","双曲线离心率，核心是解析几何。","2019-全国I卷-文科::10::occ1"
"平面解析几何","101","2019","全国I卷-文科","12","1","single_choice","","椭圆方程，核心是解析几何。","2019-全国I卷-文科::12::occ1"
"平面解析几何","102","2019","全国I卷-文科","21","1","solution","","圆的方程、轨迹及定值问题，核心是解析几何。","2019-全国I卷-文科::21::occ1"
"平面解析几何","103","2019","全国I卷-文科","22","1","solution","","参数方程与极坐标方程互化及距离最值，属于解析几何。","2019-全国I卷-文科::22::occ1"
"平面解析几何","104","2020","全国III卷-理科","5","1","single_choice","","抛物线焦点坐标，属于圆锥曲线。","2020-全国III卷-理科::5::occ1"
"平面解析几何","105","2020","全国III卷-理科","10","1","single_choice","导数","直线与曲线、圆相切，核心是解析几何。","2020-全国III卷-理科::10::occ1"
"平面解析几何","106","2020","全国III卷-理科","11","1","single_choice","","双曲线离心率及面积问题。","2020-全国III卷-理科::11::occ1"
"平面解析几何","107","2020","全国III卷-理科","20","1","solution","","椭圆方程及面积计算，核心是圆锥曲线。","2020-全国III卷-理科::20::occ1"
"平面解析几何","108","2020","全国III卷-理科","22","1","solution","","参数方程与极坐标方程。","2020-全国III卷-理科::22::occ1"
"平面解析几何","109","2020","全国III卷-文科","6","1","single_choice","平面向量与解三角形","利用向量数量积求轨迹，核心是解析几何。","2020-全国III卷-文科::6::occ1"
"平面解析几何","110","2020","全国III卷-文科","7","1","single_choice","","抛物线焦点坐标。","2020-全国III卷-文科::7::occ1"
"平面解析几何","111","2020","全国III卷-文科","8","1","single_choice","","点到直线距离的最值，属于解析几何。","2020-全国III卷-文科::8::occ1"
"平面解析几何","112","2020","全国III卷-文科","14","1","fill_blank","","双曲线离心率。","2020-全国III卷-文科::14::occ1"
"平面解析几何","113","2020","全国III卷-文科","21","1","solution","","椭圆方程及面积计算。","2020-全国III卷-文科::21::occ1"
"平面解析几何","114","2020","全国III卷-文科","22","1","solution","","参数方程与极坐标方程。","2020-全国III卷-文科::22::occ1"
"平面解析几何","115","2020","全国II卷-理科","5","1","single_choice","","圆的方程及点到直线距离。","2020-全国II卷-理科::5::occ1"
"平面解析几何","116","2020","全国II卷-理科","8","1","single_choice","","双曲线渐近线及焦距最值，属于圆锥曲线。","2020-全国II卷-理科::8::occ1"
"平面解析几何","117","2020","全国II卷-理科","19","1","solution","","椭圆与抛物线综合，求离心率及标准方程，核心是圆锥曲线。","2020-全国II卷-理科::19::occ1"
"平面解析几何","118","2020","全国II卷-理科","22","1","solution","","参数方程与极坐标方程互化，求圆的极坐标方程，属于解析几何。","2020-全国II卷-理科::22::occ1"
"平面解析几何","119","2020","全国II卷-文科","8","1","single_choice","","圆的方程及点到直线距离，属于解析几何。","2020-全国II卷-文科::8::occ1"
"平面解析几何","120","2020","全国II卷-文科","9","1","single_choice","","双曲线渐近线及焦距最值。","2020-全国II卷-文科::9::occ1"
"平面解析几何","121","2020","全国II卷-文科","19","1","solution","","核心是椭圆与抛物线综合，求离心率和方程。","2020-全国II卷-文科::19::occ1"
"平面解析几何","122","2020","全国II卷-文科","22","1","solution","","核心是参数方程与极坐标，求曲线方程和交点。","2020-全国II卷-文科::22::occ1"
"平面解析几何","123","2020","全国I卷-理科","4","1","single_choice","","核心是抛物线定义和几何性质，求参数p。","2020-全国I卷-理科::4::occ1"
"平面解析几何","124","2020","全国I卷-理科","11","1","single_choice","","核心是圆与直线，切线性质，求直线方程。","2020-全国I卷-理科::11::occ1"
"平面解析几何","125","2020","全国I卷-理科","15","1","fill_blank","","核心是双曲线离心率，利用斜率求离心率。","2020-全国I卷-理科::15::occ1"
"平面解析几何","126","2020","全国I卷-理科","20","1","solution","","核心是椭圆方程和直线过定点问题。","2020-全国I卷-理科::20::occ1"
"平面解析几何","127","2020","全国I卷-理科","22","1","solution","","核心是参数方程与极坐标，求曲线和交点。","2020-全国I卷-理科::22::occ1"
"平面解析几何","128","2020","全国I卷-文科","6","1","single_choice","","核心是圆与直线，求弦长最小值。","2020-全国I卷-文科::6::occ1"
"平面解析几何","129","2020","全国I卷-文科","11","1","single_choice","","核心是双曲线焦点三角形面积。","2020-全国I卷-文科::11::occ1"
"平面解析几何","130","2020","全国I卷-文科","21","1","solution","","核心是椭圆方程和直线过定点问题。","2020-全国I卷-文科::21::occ1"
"平面解析几何","131","2020","全国I卷-文科","22","1","solution","","核心是参数方程与极坐标，求曲线和交点。","2020-全国I卷-文科::22::occ1"
"平面解析几何","132","2021","北京卷","5","1","single_choice","","核心是双曲线标准方程，利用点和离心率求方程。","2021-北京卷::5::occ1"
"平面解析几何","133","2021","北京卷","9","1","single_choice","","核心是圆与直线，弦长最小值求参数。","2021-北京卷::9::occ1"
"平面解析几何","134","2021","北京卷","12","1","fill_blank","","核心是抛物线定义和面积计算。","2021-北京卷::12::occ1"
"平面解析几何","135","2021","北京卷","20","1","solution","","核心是椭圆方程和直线与椭圆位置关系。","2021-北京卷::20::occ1"
"平面解析几何","136","2021","全国甲卷-理科","5","1","single_choice","","双曲线离心率计算，属于解析几何。","2021-全国甲卷-理科::5::occ1"
"平面解析几何","137","2021","全国甲卷-理科","15","1","fill_blank","","椭圆中四边形面积计算，属于解析几何。","2021-全国甲卷-理科::15::occ1"
"平面解析几何","138","2021","全国甲卷-理科","20","1","solution","","主要涉及抛物线和圆的方程、直线与圆的位置关系，属于解析几何综合题。","2021-全国甲卷-理科::20::occ1"
"平面解析几何","139","2021","全国甲卷-理科","22","1","solution","","极坐标与直角坐标互化，参数方程，轨迹问题，属于解析几何。","2021-全国甲卷-理科::22::occ1"
"平面解析几何","140","2021","全国甲卷-文科","5","1","single_choice","","双曲线渐近线及点到直线距离，属于解析几何。","2021-全国甲卷-文科::5::occ1"
"平面解析几何","141","2021","全国甲卷-文科","16","1","fill_blank","","椭圆中四边形面积计算，属于解析几何。","2021-全国甲卷-文科::16::occ1"
"平面解析几何","142","2021","全国甲卷-文科","21","1","solution","","抛物线和圆的方程、直线与圆的位置关系，属于解析几何。","2021-全国甲卷-文科::21::occ1"
"平面解析几何","143","2021","全国甲卷-文科","22","1","solution","","极坐标与直角坐标互化，参数方程，轨迹问题，属于解析几何。","2021-全国甲卷-文科::22::occ1"
"平面解析几何","144","2021","全国乙卷-理科","11","1","single_choice","","椭圆离心率范围，属于解析几何。","2021-全国乙卷-理科::11::occ1"
"平面解析几何","145","2021","全国乙卷-理科","13","1","fill_blank","","双曲线渐近线及焦距计算，属于解析几何。","2021-全国乙卷-理科::13::occ1"
"平面解析几何","146","2021","全国乙卷-理科","21","1","solution","导数","抛物线切线问题，面积最值，核心是解析几何，导数用于求最值。","2021-全国乙卷-理科::21::occ1"
"平面解析几何","147","2021","全国乙卷-理科","22","1","solution","","圆的参数方程和极坐标方程，属于解析几何。","2021-全国乙卷-理科::22::occ1"
"平面解析几何","148","2021","全国乙卷-文科","11","1","single_choice","","椭圆上点到顶点距离最大值，属于解析几何。","2021-全国乙卷-文科::11::occ1"
"平面解析几何","149","2021","全国乙卷-文科","14","1","fill_blank","","双曲线焦点到直线距离，属于解析几何。","2021-全国乙卷-文科::14::occ1"
"平面解析几何","150","2021","全国乙卷-文科","20","1","solution","","抛物线方程及直线斜率最值，主类为平面解析几何。","2021-全国乙卷-文科::20::occ1"
"平面解析几何","151","2021","全国乙卷-文科","22","1","solution","","圆的参数方程和极坐标方程，主类为平面解析几何。","2021-全国乙卷-文科::22::occ1"
"平面解析几何","152","2021","上海春季卷","5","1","fill_blank","","两直线夹角计算，主类为平面解析几何。","2021-上海春季卷::5::occ1"
"平面解析几何","153","2021","上海春季卷","11","1","fill_blank","","椭圆与抛物线综合求准线，主类为平面解析几何。","2021-上海春季卷::11::occ1"
"平面解析几何","154","2021","上海春季卷","19","1","solution","","双曲线标准方程及距离计算，主类为平面解析几何。","2021-上海春季卷::19::occ1"
"平面解析几何","155","2021","上海卷","3","1","fill_blank","","圆的一般方程求圆心，主类为平面解析几何。","2021-上海卷::3::occ1"
"平面解析几何","156","2021","上海卷","11","1","fill_blank","","抛物线中弦长与斜率，主类为平面解析几何。","2021-上海卷::11::occ1"
"平面解析几何","157","2021","上海卷","14","1","single_choice","","参数方程对应图像，主类为平面解析几何。","2021-上海卷::14::occ1"
"平面解析几何","158","2021","上海卷","20","1","solution","","椭圆与直线综合，主类为平面解析几何。","2021-上海卷::20::occ1"
"平面解析几何","159","2021","天津卷","8","1","single_choice","","双曲线与抛物线综合求离心率，主类为平面解析几何。","2021-天津卷::8::occ1"
"平面解析几何","160","2021","天津卷","12","1","fill_blank","","直线与圆相切求距离，主类为平面解析几何。","2021-天津卷::12::occ1"
"平面解析几何","161","2021","天津卷","18","1","solution","","椭圆方程及直线与椭圆位置关系，主类为平面解析几何。","2021-天津卷::18::occ1"
"平面解析几何","162","2021","新高考II卷","3","1","single_choice","","抛物线焦点到直线距离，主类为平面解析几何。","2021-新高考II卷::3::occ1"
"平面解析几何","163","2021","新高考II卷","11","1","multiple_choice","","核心是直线与圆的位置关系判断，属于解析几何问题。","2021-新高考II卷::11::occ1"
"平面解析几何","164","2021","新高考II卷","13","1","fill_blank","","核心是双曲线离心率与渐近线方程，属于圆锥曲线问题。","2021-新高考II卷::13::occ1"
"平面解析几何","165","2021","新高考II卷","20","1","solution","","核心是椭圆方程与直线、圆相切，证明三点共线，属于圆锥曲线问题。","2021-新高考II卷::20::occ1"
"平面解析几何","166","2021","新高考I卷","5","1","single_choice","","核心是椭圆定义与最值，属于圆锥曲线问题。","2021-新高考I卷::5::occ1"
"平面解析几何","167","2021","新高考I卷","11","1","multiple_choice","","核心是圆与点、直线位置关系及最值，属于解析几何问题。","2021-新高考I卷::11::occ1"
"平面解析几何","168","2021","新高考I卷","14","1","fill_blank","","核心是抛物线方程与几何性质，求准线方程，属于圆锥曲线问题。","2021-新高考I卷::14::occ1"
"平面解析几何","169","2021","新高考I卷","21","1","solution","","核心是双曲线轨迹与直线参数问题，属于圆锥曲线问题。","2021-新高考I卷::21::occ1"
"平面解析几何","170","2021","浙江卷","9","1","single_choice","","核心是等比数列与点的轨迹方程，属于解析几何问题。","2021-浙江卷::9::occ1"
"平面解析几何","171","2021","浙江卷","11","1","fill_blank","","核心是勾股定理与面积比，属于平面几何问题，但归入解析几何专题。","2021-浙江卷::11::occ1"
"平面解析几何","172","2021","浙江卷","16","1","fill_blank","","核心是椭圆与直线、圆的位置关系，求离心率，属于圆锥曲线问题。","2021-浙江卷::16::occ1"
"平面解析几何","173","2021","浙江卷","21","1","solution","","核心是抛物线方程与直线、圆的位置关系，求截距范围，属于圆锥曲线问题。","2021-浙江卷::21::occ1"
"平面解析几何","174","2022","北京卷","3","1","single_choice","","核心是直线与圆的位置关系（对称轴），属于解析几何问题。","2022-北京卷::3::occ1"
"平面解析几何","175","2022","北京卷","12","1","fill_blank","","核心是双曲线渐近线方程求参数，属于圆锥曲线问题。","2022-北京卷::12::occ1"
"平面解析几何","176","2022","北京卷","19","1","solution","","核心是椭圆方程与直线、交点问题，属于圆锥曲线问题。","2022-北京卷::19::occ1"
"平面解析几何","177","2022","全国甲卷-理科","8","1","single_choice","","圆弧长度近似计算","2022-全国甲卷-理科::8::occ1"
"平面解析几何","178","2022","全国甲卷-理科","10","1","single_choice","","椭圆离心率计算","2022-全国甲卷-理科::10::occ1"
"平面解析几何","179","2022","全国甲卷-理科","14","1","fill_blank","","双曲线渐近线与圆相切","2022-全国甲卷-理科::14::occ1"
"平面解析几何","180","2022","全国甲卷-理科","20","1","solution","","抛物线综合","2022-全国甲卷-理科::20::occ1"
"平面解析几何","181","2022","全国甲卷-理科","22","1","solution","","参数方程与极坐标","2022-全国甲卷-理科::22::occ1"
"平面解析几何","182","2022","全国甲卷-文科","11","1","single_choice","","椭圆方程","2022-全国甲卷-文科::11::occ1"
"平面解析几何","183","2022","全国甲卷-文科","14","1","fill_blank","","求圆的方程，涉及直线和圆，属于解析几何","2022-全国甲卷-文科::14::occ1"
"平面解析几何","184","2022","全国甲卷-文科","15","1","fill_blank","","双曲线离心率范围","2022-全国甲卷-文科::15::occ1"
"平面解析几何","185","2022","全国甲卷-文科","21","1","solution","","抛物线方程及直线与抛物线综合","2022-全国甲卷-文科::21::occ1"
"平面解析几何","186","2022","全国甲卷-文科","22","1","solution","","参数方程与极坐标","2022-全国甲卷-文科::22::occ1"
"平面解析几何","187","2022","全国乙卷-理科","5","1","single_choice","","抛物线定义和距离计算","2022-全国乙卷-理科::5::occ1"
"平面解析几何","188","2022","全国乙卷-理科","11","1","single_choice","","双曲线离心率计算","2022-全国乙卷-理科::11::occ1"
"平面解析几何","189","2022","全国乙卷-理科","14","1","fill_blank","","求圆的方程","2022-全国乙卷-理科::14::occ1"
"平面解析几何","190","2022","全国乙卷-理科","20","1","solution","","椭圆方程和直线过定点","2022-全国乙卷-理科::20::occ1"
"平面解析几何","191","2022","全国乙卷-理科","22","1","solution","","参数方程与极坐标","2022-全国乙卷-理科::22::occ1"
"平面解析几何","192","2022","全国乙卷-文科","6","1","single_choice","","抛物线定义和距离","2022-全国乙卷-文科::6::occ1"
"平面解析几何","193","2022","全国乙卷-文科","15","1","fill_blank","","求过三点的圆的方程，核心是解析几何。","2022-全国乙卷-文科::15::occ1"
"平面解析几何","194","2022","全国乙卷-文科","21","1","solution","","椭圆方程、直线与椭圆、定点问题，核心是解析几何。","2022-全国乙卷-文科::21::occ1"
"平面解析几何","195","2022","全国乙卷-文科","22","1","solution","","参数方程与极坐标方程，直线与曲线有公共点，核心是解析几何。","2022-全国乙卷-文科::22::occ1"
"平面解析几何","196","2022","上海卷","1","1","fill_blank","","双曲线实轴长，核心是解析几何。","2022-上海卷::1::occ1"
"平面解析几何","197","2022","上海卷","3","3","solution","","几何图形面积最值，涉及圆和直线，核心是解析几何。","2022-上海卷::3::occ3"
"平面解析几何","198","2022","上海卷","4","2","single_choice","","集合表示圆系，判断直线与圆位置关系，核心是解析几何。","2022-上海卷::4::occ2"
"平面解析几何","199","2022","上海卷","4","3","solution","","椭圆方程、直线与椭圆、距离最值，核心是解析几何。","2022-上海卷::4::occ3"
"平面解析几何","200","2022","天津卷","7","1","single_choice","","抛物线、双曲线性质求标准方程，核心是解析几何。","2022-天津卷::7::occ1"
"平面解析几何","201","2022","天津卷","12","1","fill_blank","","直线与圆相交弦长求参数，核心是解析几何。","2022-天津卷::12::occ1"
"平面解析几何","202","2022","天津卷","19","1","solution","","椭圆离心率、标准方程，核心是解析几何。","2022-天津卷::19::occ1"
"平面解析几何","203","2022","新高考II卷","10","1","multiple_choice","","抛物线性质、直线与抛物线，核心是解析几何。","2022-新高考II卷::10::occ1"
"平面解析几何","204","2022","新高考II卷","15","1","fill_blank","","直线对称、直线与圆有公共点，核心是解析几何。","2022-新高考II卷::15::occ1"
"平面解析几何","205","2022","新高考II卷","16","1","fill_blank","","直线与椭圆相交，求直线方程，核心是解析几何。","2022-新高考II卷::16::occ1"
"平面解析几何","206","2022","新高考II卷","21","1","solution","","双曲线方程与性质，直线与渐近线、圆锥曲线综合，核心是解析几何。","2022-新高考II卷::21::occ1"
"平面解析几何","207","2022","新高考I卷","11","1","multiple_choice","","抛物线性质及直线与抛物线位置关系，主类为平面解析几何。","2022-新高考I卷::11::occ1"
"平面解析几何","208","2022","新高考I卷","14","1","fill_blank","","圆的公切线方程，主类为平面解析几何。","2022-新高考I卷::14::occ1"
"平面解析几何","209","2022","新高考I卷","16","1","fill_blank","","椭圆中弦长和周长，主类为平面解析几何。","2022-新高考I卷::16::occ1"
"平面解析几何","210","2022","新高考I卷","21","1","solution","","双曲线中的直线斜率和面积，主类为平面解析几何。","2022-新高考I卷::21::occ1"
"平面解析几何","211","2022","浙江卷","16","1","fill_blank","","双曲线离心率计算，主类为平面解析几何。","2022-浙江卷::16::occ1"
"平面解析几何","212","2022","浙江卷","21","1","solution","","椭圆上的距离和最值问题，主类为平面解析几何。","2022-浙江卷::21::occ1"
"平面解析几何","213","2023","北京卷","6","1","single_choice","","抛物线焦半径公式，主类为平面解析几何。","2023-北京卷::6::occ1"
"平面解析几何","214","2023","北京卷","12","1","fill_blank","","双曲线标准方程，主类为平面解析几何。","2023-北京卷::12::occ1"
"平面解析几何","215","2023","北京卷","19","1","solution","","椭圆方程及直线与椭圆综合，主类为平面解析几何。","2023-北京卷::19::occ1"
"平面解析几何","216","2023","全国甲卷-理科","8","1","single_choice","","双曲线渐近线与圆相交弦长，主类为平面解析几何。","2023-全国甲卷-理科::8::occ1"
"平面解析几何","217","2023","全国甲卷-理科","12","1","single_choice","","椭圆中焦点三角形求距离，主类为平面解析几何。","2023-全国甲卷-理科::12::occ1"
"平面解析几何","218","2023","全国甲卷-理科","20","1","solution","","抛物线弦长和面积最值，主类为平面解析几何。","2023-全国甲卷-理科::20::occ1"
"平面解析几何","219","2023","全国甲卷-理科","22","1","solution","","参数方程和极坐标方程，主类为平面解析几何。","2023-全国甲卷-理科::22::occ1"
"平面解析几何","220","2023","全国甲卷-文科","7","1","single_choice","","椭圆焦点三角形数量积，核心是圆锥曲线。","2023-全国甲卷-文科::7::occ1"
"平面解析几何","221","2023","全国甲卷-文科","9","1","single_choice","","双曲线渐近线与圆相交求弦长，核心是圆锥曲线。","2023-全国甲卷-文科::9::occ1"
"平面解析几何","222","2023","全国甲卷-文科","21","1","solution","","直线与抛物线相交求参数和面积最值，核心是圆锥曲线。","2023-全国甲卷-文科::21::occ1"
"平面解析几何","223","2023","全国甲卷-文科","22","1","solution","","参数方程和极坐标方程，核心是解析几何。","2023-全国甲卷-文科::22::occ1"
"平面解析几何","224","2023","全国乙卷-理科","11","1","single_choice","","双曲线中点弦问题，核心是圆锥曲线。","2023-全国乙卷-理科::11::occ1"
"平面解析几何","225","2023","全国乙卷-理科","13","1","fill_blank","","抛物线准线距离，核心是圆锥曲线。","2023-全国乙卷-理科::13::occ1"
"平面解析几何","226","2023","全国乙卷-理科","20","1","solution","","椭圆方程和定点问题，核心是圆锥曲线。","2023-全国乙卷-理科::20::occ1"
"平面解析几何","227","2023","全国乙卷-理科","22","1","solution","","极坐标与参数方程，核心是解析几何。","2023-全国乙卷-理科::22::occ1"
"平面解析几何","228","2023","全国乙卷-文科","11","1","single_choice","","圆方程求最值，核心是解析几何。","2023-全国乙卷-文科::11::occ1"
"平面解析几何","229","2023","全国乙卷-文科","12","1","single_choice","","双曲线中点弦，核心是圆锥曲线。","2023-全国乙卷-文科::12::occ1"
"平面解析几何","230","2023","全国乙卷-文科","13","1","fill_blank","","抛物线准线距离，核心是圆锥曲线。","2023-全国乙卷-文科::13::occ1"
"平面解析几何","231","2023","全国乙卷-文科","21","1","solution","","椭圆方程和定点问题，核心是圆锥曲线。","2023-全国乙卷-文科::21::occ1"
"平面解析几何","232","2023","全国乙卷-文科","22","1","solution","","极坐标与参数方程，核心是解析几何。","2023-全国乙卷-文科::22::occ1"
"平面解析几何","233","2023","上海卷","16","1","single_choice","集合与逻辑","核心是椭圆、双曲线的几何性质与命题判断，主类为解析几何。","2023-上海卷::16::occ1"
"平面解析几何","234","2023","上海卷","20","1","solution","","核心是椭圆方程、直线与椭圆、距离问题，属于解析几何。","2023-上海卷::20::occ1"
"平面解析几何","235","2023","天津卷","9","1","single_choice","","核心是双曲线方程与几何性质，通过焦点、渐近线、斜率等求解。","2023-天津卷::9::occ1"
"平面解析几何","236","2023","天津卷","12","1","fill_blank","","核心是直线与圆相切、与抛物线相交求参数，属于解析几何。","2023-天津卷::12::occ1"
"平面解析几何","237","2023","天津卷","18","1","solution","","核心是椭圆方程、离心率、直线与椭圆交点、面积问题，属于解析几何。","2023-天津卷::18::occ1"
"平面解析几何","238","2023","新高考II卷","5","1","single_choice","","核心是椭圆与直线相交，面积比求参数，属于解析几何。","2023-新高考II卷::5::occ1"
"平面解析几何","239","2023","新高考II卷","10","1","multiple_choice","","核心是抛物线焦点、弦长、圆与准线，属于解析几何。","2023-新高考II卷::10::occ1"
"平面解析几何","240","2023","新高考II卷","15","1","fill_blank","","核心是直线与圆相交的弦长、面积问题，属于解析几何。","2023-新高考II卷::15::occ1"
"平面解析几何","241","2023","新高考II卷","21","1","solution","","核心是双曲线方程、直线与双曲线交点、定点问题，属于解析几何。","2023-新高考II卷::21::occ1"
"平面解析几何","242","2023","新高考I卷","5","1","single_choice","","核心是椭圆离心率计算，属于解析几何。","2023-新高考I卷::5::occ1"
"平面解析几何","243","2023","新高考I卷","6","1","single_choice","三角函数","核心是圆的切线夹角问题，涉及三角函数，但主类为解析几何。","2023-新高考I卷::6::occ1"
"平面解析几何","244","2023","新高考I卷","16","1","fill_blank","","核心是双曲线离心率，利用向量关系，属于解析几何。","2023-新高考I卷::16::occ1"
"平面解析几何","245","2023","新高考I卷","22","1","solution","导数","核心是轨迹方程和几何不等式证明，涉及导数，但主类为解析几何。","2023-新高考I卷::22::occ1"
"平面解析几何","246","2024","北京卷","3","1","single_choice","","核心是求圆心到直线的距离，属于解析几何。","2024-北京卷::3::occ1"
"平面解析几何","247","2024","北京卷","10","1","single_choice","","题目涉及集合表示的图形，核心是解析几何中的曲线与区域。","2024-北京卷::10::occ1"
"平面解析几何","248","2024","北京卷","11","1","fill_blank","","题目涉及抛物线焦点坐标，核心是圆锥曲线。","2024-北京卷::11::occ1"
"平面解析几何","249","2024","北京卷","13","1","fill_blank","","题目涉及双曲线与直线交点问题，核心是圆锥曲线。","2024-北京卷::13::occ1"
"平面解析几何","250","2024","北京卷","19","1","solution","","题目涉及椭圆方程、直线与椭圆相交，核心是解析几何。","2024-北京卷::19::occ1"
"平面解析几何","251","2024","全国甲卷-理科","5","1","single_choice","","题目涉及双曲线的离心率，核心是圆锥曲线。","2024-全国甲卷-理科::5::occ1"
"平面解析几何","252","2024","全国甲卷-理科","12","1","single_choice","","题目涉及直线与圆相交弦长，核心是解析几何。","2024-全国甲卷-理科::12::occ1"
"平面解析几何","253","2024","全国甲卷-理科","20","1","solution","","题目涉及椭圆方程、直线与椭圆相交，核心是解析几何。","2024-全国甲卷-理科::20::occ1"
"平面解析几何","254","2024","全国甲卷-理科","22","1","solution","","题目涉及极坐标与参数方程，核心是解析几何。","2024-全国甲卷-理科::22::occ1"
"平面解析几何","255","2024","全国甲卷-文科","6","1","single_choice","","题目涉及双曲线的离心率，核心是圆锥曲线。","2024-全国甲卷-文科::6::occ1"
"平面解析几何","256","2024","全国甲卷-文科","18","1","solution","","题目涉及椭圆方程、直线与椭圆相交，核心是解析几何。","2024-全国甲卷-文科::18::occ1"
"平面解析几何","257","2024","全国甲卷-文科","19","1","solution","","题目涉及极坐标与直角坐标互化、直线与曲线相交弦长，核心是解析几何。","2024-全国甲卷-文科::19::occ1"
"平面解析几何","258","2024","上海卷","7","1","fill_blank","","题目涉及抛物线上的点到准线距离，核心是圆锥曲线。","2024-上海卷::7::occ1"
"平面解析几何","259","2024","上海卷","20","1","solution","","题目涉及双曲线方程、直线与双曲线相交，核心是解析几何。","2024-上海卷::20::occ1"
"平面解析几何","260","2024","天津卷","8","1","single_choice","","核心是双曲线方程及几何性质","2024-天津卷::8::occ1"
"平面解析几何","261","2024","天津卷","12","1","fill_blank","","核心是圆与抛物线的综合，求距离","2024-天津卷::12::occ1"
"平面解析几何","262","2024","天津卷","18","1","solution","","核心是椭圆方程及向量点积恒成立问题","2024-天津卷::18::occ1"
"平面解析几何","263","2024","新高考II卷","5","1","single_choice","","核心是轨迹方程","2024-新高考II卷::5::occ1"
"平面解析几何","264","2024","新高考II卷","10","1","multiple_choice","","核心是抛物线与圆的性质，涉及切线、距离等","2024-新高考II卷::10::occ1"
"平面解析几何","265","2024","新高考II卷","19","1","solution","数列","核心是双曲线与直线交点、对称点及面积，涉及数列但主类为解析几何","2024-新高考II卷::19::occ1"
"平面解析几何","266","2024","新高考I卷","11","1","multiple_choice","","核心是曲线方程及性质，涉及距离积为常数","2024-新高考I卷::11::occ1"
"平面解析几何","267","2024","新高考I卷","12","1","fill_blank","","核心是双曲线离心率的计算","2024-新高考I卷::12::occ1"
"平面解析几何","268","2024","新高考I卷","16","1","solution","","核心是椭圆方程、离心率及直线方程","2024-新高考I卷::16::occ1"
"平面解析几何","269","2025","全国II卷","6","1","single_choice","","核心是抛物线的焦半径计算","2025-全国II卷::6::occ1"
"平面解析几何","270","2025","全国II卷","11","1","multiple_choice","","核心是双曲线的几何性质，涉及离心率、角度、面积","2025-全国II卷::11::occ1"
"平面解析几何","271","2025","全国II卷","16","1","solution","","核心是椭圆方程及弦长计算","2025-全国II卷::16::occ1"
"平面解析几何","272","2025","全国I卷","3","1","single_choice","","核心是双曲线离心率的计算","2025-全国I卷::3::occ1"
"平面解析几何","273","2025","全国I卷","7","1","single_choice","","圆与直线距离问题，属于解析几何。","2025-全国I卷::7::occ1"
"平面解析几何","274","2025","全国I卷","10","1","multiple_choice","","抛物线综合，涉及焦点、弦长、垂直等，属于解析几何。","2025-全国I卷::10::occ1"
"平面解析几何","275","2025","全国I卷","18","1","solution","","椭圆综合，涉及标准方程、向量、最值，属于解析几何。","2025-全国I卷::18::occ1"
"平面解析几何","276","2025","上海卷","15","1","single_choice","","双曲线上的点与定点构成三角形面积最值，属于解析几何。","2025-上海卷::15::occ1"
"平面解析几何","277","2025","上海卷","20","1","solution","","椭圆综合问题，涉及离心率、向量、直线与椭圆位置关系，属于解析几何。","2025-上海卷::20::occ1"
"平面解析几何","278","2025","天津卷","9","1","single_choice","","双曲线与抛物线综合，求离心率，属于解析几何。","2025-天津卷::9::occ1"
"平面解析几何","279","2025","天津卷","12","1","fill_blank","","直线与圆相交求半径，属于解析几何。","2025-天津卷::12::occ1"
"平面解析几何","280","2025","天津卷","18","1","solution","","椭圆综合，涉及方程、斜率、角平分线，属于解析几何。","2025-天津卷::18::occ1"
